ProductKey,Product Item Code,Product Name,Product Color,Product Size,Product Weight,Product Line,Product Model Name,Product Sub-Category,Product Category,Product Status
1,AR-5381,Adjustable Race,NA,NULL,NULL,NULL,NULL,NULL,NULL,Current
2,BA-8327,Bearing Ball,NA,NULL,NULL,NULL,NULL,NULL,NULL,Current
3,BE-2349,BB Ball Bearing,NA,NULL,NULL,NULL,NULL,NULL,NULL,Current
4,BE-2908,Headset Ball Bearings,NA,NULL,NULL,NULL,NULL,NULL,NULL,Current
5,BL-2036,Blade,NA,NULL,NULL,NULL,NULL,NULL,NULL,Current
6,CA-5965,LL Crankarm,Black,NULL,NULL,NULL,NULL,NULL,NULL,Current
7,CA-6738,ML Crankarm,Black,NULL,NULL,NULL,NULL,NULL,NULL,Current
8,CA-7457,HL Crankarm,Black,NULL,NULL,NULL,NULL,NULL,NULL,Current
9,CB-2903,Chainring Bolts,Silver,NULL,NULL,NULL,NULL,NULL,NULL,Current
10,CN-6137,Chainring Nut,Silver,NULL,NULL,NULL,NULL,NULL,NULL,Current
11,CR-7833,Chainring,Black,NULL,NULL,NULL,NULL,NULL,NULL,Current
12,CR-9981,Crown Race,NA,NULL,NULL,NULL,NULL,NULL,NULL,Current
13,CS-2812,Chain Stays,NA,NULL,NULL,NULL,NULL,NULL,NULL,Current
14,DC-8732,Decal 1,NA,NULL,NULL,NULL,NULL,NULL,NULL,Current
15,DC-9824,Decal 2,NA,NULL,NULL,NULL,NULL,NULL,NULL,Current
16,DT-2377,Down Tube,NA,NULL,NULL,NULL,NULL,NULL,NULL,Current
17,EC-M092,Mountain End Caps,NA,NULL,NULL,NULL,NULL,NULL,NULL,Current
18,EC-R098,Road End Caps,NA,NULL,NULL,NULL,NULL,NULL,NULL,Current
19,EC-T209,Touring End Caps,NA,NULL,NULL,NULL,NULL,NULL,NULL,Current
20,FE-3760,Fork End,NA,NULL,NULL,NULL,NULL,NULL,NULL,Current
21,FH-2981,Freewheel,Silver,NULL,NULL,NULL,NULL,NULL,NULL,Current
22,FW-1000,Flat Washer 1,NA,NULL,NULL,NULL,NULL,NULL,NULL,Current
23,FW-1200,Flat Washer 6,NA,NULL,NULL,NULL,NULL,NULL,NULL,Current
24,FW-1400,Flat Washer 2,NA,NULL,NULL,NULL,NULL,NULL,NULL,Current
25,FW-3400,Flat Washer 9,NA,NULL,NULL,NULL,NULL,NULL,NULL,Current
26,FW-3800,Flat Washer 4,NA,NULL,NULL,NULL,NULL,NULL,NULL,Current
27,FW-5160,Flat Washer 3,NA,NULL,NULL,NULL,NULL,NULL,NULL,Current
28,FW-5800,Flat Washer 8,NA,NULL,NULL,NULL,NULL,NULL,NULL,Current
29,FW-7160,Flat Washer 5,NA,NULL,NULL,NULL,NULL,NULL,NULL,Current
30,FW-9160,Flat Washer 7,NA,NULL,NULL,NULL,NULL,NULL,NULL,Current
31,FC-3654,Fork Crown,NA,NULL,NULL,NULL,NULL,NULL,NULL,Current
32,FC-3982,Front Derailleur Cage,Silver,NULL,NULL,NULL,NULL,NULL,NULL,Current
33,FL-2301,Front Derailleur Linkage,Silver,NULL,NULL,NULL,NULL,NULL,NULL,Current
34,GP-0982,Guide Pulley,NA,NULL,NULL,NULL,NULL,NULL,NULL,Current
35,GT-0820,LL Grip Tape,NA,NULL,NULL,NULL,NULL,NULL,NULL,Current
36,GT-1209,ML Grip Tape,NA,NULL,NULL,NULL,NULL,NULL,NULL,Current
37,GT-2908,HL Grip Tape,NA,NULL,NULL,NULL,NULL,NULL,NULL,Current
38,HJ-1213,Thin-Jam Hex Nut 9,NA,NULL,NULL,NULL,NULL,NULL,NULL,Current
39,HJ-1220,Thin-Jam Hex Nut 10,NA,NULL,NULL,NULL,NULL,NULL,NULL,Current
40,HJ-1420,Thin-Jam Hex Nut 1,NA,NULL,NULL,NULL,NULL,NULL,NULL,Current
41,HJ-1428,Thin-Jam Hex Nut 2,NA,NULL,NULL,NULL,NULL,NULL,NULL,Current
42,HJ-3410,Thin-Jam Hex Nut 15,NA,NULL,NULL,NULL,NULL,NULL,NULL,Current
43,HJ-3416,Thin-Jam Hex Nut 16,NA,NULL,NULL,NULL,NULL,NULL,NULL,Current
44,HJ-3816,Thin-Jam Hex Nut 5,NA,NULL,NULL,NULL,NULL,NULL,NULL,Current
45,HJ-3824,Thin-Jam Hex Nut 6,NA,NULL,NULL,NULL,NULL,NULL,NULL,Current
46,HJ-5161,Thin-Jam Hex Nut 3,NA,NULL,NULL,NULL,NULL,NULL,NULL,Current
47,HJ-5162,Thin-Jam Hex Nut 4,NA,NULL,NULL,NULL,NULL,NULL,NULL,Current
48,HJ-5811,Thin-Jam Hex Nut 13,NA,NULL,NULL,NULL,NULL,NULL,NULL,Current
49,HJ-5818,Thin-Jam Hex Nut 14,NA,NULL,NULL,NULL,NULL,NULL,NULL,Current
50,HJ-7161,Thin-Jam Hex Nut 7,NA,NULL,NULL,NULL,NULL,NULL,NULL,Current
51,HJ-7162,Thin-Jam Hex Nut 8,NA,NULL,NULL,NULL,NULL,NULL,NULL,Current
52,HJ-9080,Thin-Jam Hex Nut 12,NA,NULL,NULL,NULL,NULL,NULL,NULL,Current
53,HJ-9161,Thin-Jam Hex Nut 11,NA,NULL,NULL,NULL,NULL,NULL,NULL,Current
54,HN-1024,Hex Nut 5,NA,NULL,NULL,NULL,NULL,NULL,NULL,Current
55,HN-1032,Hex Nut 6,NA,NULL,NULL,NULL,NULL,NULL,NULL,Current
56,HN-1213,Hex Nut 16,NA,NULL,NULL,NULL,NULL,NULL,NULL,Current
57,HN-1220,Hex Nut 17,NA,NULL,NULL,NULL,NULL,NULL,NULL,Current
58,HN-1224,Hex Nut 7,NA,NULL,NULL,NULL,NULL,NULL,NULL,Current
59,HN-1420,Hex Nut 8,NA,NULL,NULL,NULL,NULL,NULL,NULL,Current
60,HN-1428,Hex Nut 9,NA,NULL,NULL,NULL,NULL,NULL,NULL,Current
61,HN-3410,Hex Nut 22,NA,NULL,NULL,NULL,NULL,NULL,NULL,Current
62,HN-3416,Hex Nut 23,NA,NULL,NULL,NULL,NULL,NULL,NULL,Current
63,HN-3816,Hex Nut 12,NA,NULL,NULL,NULL,NULL,NULL,NULL,Current
64,HN-3824,Hex Nut 13,NA,NULL,NULL,NULL,NULL,NULL,NULL,Current
65,HN-4402,Hex Nut 1,NA,NULL,NULL,NULL,NULL,NULL,NULL,Current
66,HN-5161,Hex Nut 10,NA,NULL,NULL,NULL,NULL,NULL,NULL,Current
67,HN-5162,Hex Nut 11,NA,NULL,NULL,NULL,NULL,NULL,NULL,Current
68,HN-5400,Hex Nut 2,NA,NULL,NULL,NULL,NULL,NULL,NULL,Current
69,HN-5811,Hex Nut 20,NA,NULL,NULL,NULL,NULL,NULL,NULL,Current
70,HN-5818,Hex Nut 21,NA,NULL,NULL,NULL,NULL,NULL,NULL,Current
71,HN-6320,Hex Nut 3,NA,NULL,NULL,NULL,NULL,NULL,NULL,Current
72,HN-7161,Hex Nut 14,NA,NULL,NULL,NULL,NULL,NULL,NULL,Current
73,HN-7162,Hex Nut 15,NA,NULL,NULL,NULL,NULL,NULL,NULL,Current
74,HN-8320,Hex Nut 4,NA,NULL,NULL,NULL,NULL,NULL,NULL,Current
75,HN-9161,Hex Nut 18,NA,NULL,NULL,NULL,NULL,NULL,NULL,Current
76,HN-9168,Hex Nut 19,NA,NULL,NULL,NULL,NULL,NULL,NULL,Current
77,HT-2981,Handlebar Tube,NA,NULL,NULL,NULL,NULL,NULL,NULL,Current
78,HT-8019,Head Tube,NA,NULL,NULL,NULL,NULL,NULL,NULL,Current
79,HU-6280,LL Hub,NA,NULL,NULL,NULL,NULL,NULL,NULL,Current
80,HU-8998,HL Hub,NA,NULL,NULL,NULL,NULL,NULL,NULL,Current
81,KW-4091,Keyed Washer,NA,NULL,NULL,NULL,NULL,NULL,NULL,Current
82,LE-1000,External Lock Washer 3,NA,NULL,NULL,NULL,NULL,NULL,NULL,Current
83,LE-1200,External Lock Washer 4,NA,NULL,NULL,NULL,NULL,NULL,NULL,Current
84,LE-1201,External Lock Washer 9,NA,NULL,NULL,NULL,NULL,NULL,NULL,Current
85,LE-1400,External Lock Washer 5,NA,NULL,NULL,NULL,NULL,NULL,NULL,Current
86,LE-3800,External Lock Washer 7,NA,NULL,NULL,NULL,NULL,NULL,NULL,Current
87,LE-5160,External Lock Washer 6,NA,NULL,NULL,NULL,NULL,NULL,NULL,Current
88,LE-6000,External Lock Washer 1,NA,NULL,NULL,NULL,NULL,NULL,NULL,Current
89,LE-7160,External Lock Washer 8,NA,NULL,NULL,NULL,NULL,NULL,NULL,Current
90,LE-8000,External Lock Washer 2,NA,NULL,NULL,NULL,NULL,NULL,NULL,Current
91,LI-1000,Internal Lock Washer 3,NA,NULL,NULL,NULL,NULL,NULL,NULL,Current
92,LI-1200,Internal Lock Washer 4,NA,NULL,NULL,NULL,NULL,NULL,NULL,Current
93,LI-1201,Internal Lock Washer 9,NA,NULL,NULL,NULL,NULL,NULL,NULL,Current
94,LI-1400,Internal Lock Washer 5,NA,NULL,NULL,NULL,NULL,NULL,NULL,Current
95,LI-3800,Internal Lock Washer 7,NA,NULL,NULL,NULL,NULL,NULL,NULL,Current
96,LI-5160,Internal Lock Washer 6,NA,NULL,NULL,NULL,NULL,NULL,NULL,Current
97,LI-5800,Internal Lock Washer 10,NA,NULL,NULL,NULL,NULL,NULL,NULL,Current
98,LI-6000,Internal Lock Washer 1,NA,NULL,NULL,NULL,NULL,NULL,NULL,Current
99,LI-7160,Internal Lock Washer 8,NA,NULL,NULL,NULL,NULL,NULL,NULL,Current
100,LI-8000,Internal Lock Washer 2,NA,NULL,NULL,NULL,NULL,NULL,NULL,Current
101,LJ-1213,Thin-Jam Lock Nut 9,NA,NULL,NULL,NULL,NULL,NULL,NULL,Current
102,LJ-1220,Thin-Jam Lock Nut 10,NA,NULL,NULL,NULL,NULL,NULL,NULL,Current
103,LJ-1420,Thin-Jam Lock Nut 1,NA,NULL,NULL,NULL,NULL,NULL,NULL,Current
104,LJ-1428,Thin-Jam Lock Nut 2,NA,NULL,NULL,NULL,NULL,NULL,NULL,Current
105,LJ-3410,Thin-Jam Lock Nut 15,NA,NULL,NULL,NULL,NULL,NULL,NULL,Current
106,LJ-3416,Thin-Jam Lock Nut 16,NA,NULL,NULL,NULL,NULL,NULL,NULL,Current
107,LJ-3816,Thin-Jam Lock Nut 5,NA,NULL,NULL,NULL,NULL,NULL,NULL,Current
108,LJ-3824,Thin-Jam Lock Nut 6,NA,NULL,NULL,NULL,NULL,NULL,NULL,Current
109,LJ-5161,Thin-Jam Lock Nut 3,NA,NULL,NULL,NULL,NULL,NULL,NULL,Current
110,LJ-5162,Thin-Jam Lock Nut 4,NA,NULL,NULL,NULL,NULL,NULL,NULL,Current
111,LJ-5811,Thin-Jam Lock Nut 13,NA,NULL,NULL,NULL,NULL,NULL,NULL,Current
112,LJ-5818,Thin-Jam Lock Nut 14,NA,NULL,NULL,NULL,NULL,NULL,NULL,Current
113,LJ-7161,Thin-Jam Lock Nut 7,NA,NULL,NULL,NULL,NULL,NULL,NULL,Current
114,LJ-7162,Thin-Jam Lock Nut 8,NA,NULL,NULL,NULL,NULL,NULL,NULL,Current
115,LJ-9080,Thin-Jam Lock Nut 12,NA,NULL,NULL,NULL,NULL,NULL,NULL,Current
116,LJ-9161,Thin-Jam Lock Nut 11,NA,NULL,NULL,NULL,NULL,NULL,NULL,Current
117,LN-1024,Lock Nut 5,NA,NULL,NULL,NULL,NULL,NULL,NULL,Current
118,LN-1032,Lock Nut 6,NA,NULL,NULL,NULL,NULL,NULL,NULL,Current
119,LN-1213,Lock Nut 16,NA,NULL,NULL,NULL,NULL,NULL,NULL,Current
120,LN-1220,Lock Nut 17,NA,NULL,NULL,NULL,NULL,NULL,NULL,Current
121,LN-1224,Lock Nut 7,NA,NULL,NULL,NULL,NULL,NULL,NULL,Current
122,LN-1420,Lock Nut 8,NA,NULL,NULL,NULL,NULL,NULL,NULL,Current
123,LN-1428,Lock Nut 9,NA,NULL,NULL,NULL,NULL,NULL,NULL,Current
124,LN-3410,Lock Nut 22,NA,NULL,NULL,NULL,NULL,NULL,NULL,Current
125,LN-3416,Lock Nut 23,NA,NULL,NULL,NULL,NULL,NULL,NULL,Current
126,LN-3816,Lock Nut 12,NA,NULL,NULL,NULL,NULL,NULL,NULL,Current
127,LN-3824,Lock Nut 13,NA,NULL,NULL,NULL,NULL,NULL,NULL,Current
128,LN-4400,Lock Nut 1,NA,NULL,NULL,NULL,NULL,NULL,NULL,Current
129,LN-5161,Lock Nut 10,NA,NULL,NULL,NULL,NULL,NULL,NULL,Current
130,LN-5162,Lock Nut 11,NA,NULL,NULL,NULL,NULL,NULL,NULL,Current
131,LN-5400,Lock Nut 2,NA,NULL,NULL,NULL,NULL,NULL,NULL,Current
132,LN-5811,Lock Nut 20,NA,NULL,NULL,NULL,NULL,NULL,NULL,Current
133,LN-5818,Lock Nut 21,NA,NULL,NULL,NULL,NULL,NULL,NULL,Current
134,LN-6320,Lock Nut 3,NA,NULL,NULL,NULL,NULL,NULL,NULL,Current
135,LN-7161,Lock Nut 14,NA,NULL,NULL,NULL,NULL,NULL,NULL,Current
136,LN-7162,Lock Nut 15,NA,NULL,NULL,NULL,NULL,NULL,NULL,Current
137,LN-8320,Lock Nut 4,NA,NULL,NULL,NULL,NULL,NULL,NULL,Current
138,LN-9080,Lock Nut 19,NA,NULL,NULL,NULL,NULL,NULL,NULL,Current
139,LN-9161,Lock Nut 18,NA,NULL,NULL,NULL,NULL,NULL,NULL,Current
140,LR-2398,Lock Ring,Silver,NULL,NULL,NULL,NULL,NULL,NULL,Current
141,LR-8520,Lower Head Race,NA,NULL,NULL,NULL,NULL,NULL,NULL,Current
142,LW-1000,Lock Washer 4,NA,NULL,NULL,NULL,NULL,NULL,NULL,Current
143,LW-1200,Lock Washer 5,NA,NULL,NULL,NULL,NULL,NULL,NULL,Current
144,LW-1201,Lock Washer 10,NA,NULL,NULL,NULL,NULL,NULL,NULL,Current
145,LW-1400,Lock Washer 6,NA,NULL,NULL,NULL,NULL,NULL,NULL,Current
146,LW-3400,Lock Washer 13,NA,NULL,NULL,NULL,NULL,NULL,NULL,Current
147,LW-3800,Lock Washer 8,NA,NULL,NULL,NULL,NULL,NULL,NULL,Current
148,LW-4000,Lock Washer 1,NA,NULL,NULL,NULL,NULL,NULL,NULL,Current
149,LW-5160,Lock Washer 7,NA,NULL,NULL,NULL,NULL,NULL,NULL,Current
150,LW-5800,Lock Washer 12,NA,NULL,NULL,NULL,NULL,NULL,NULL,Current
151,LW-6000,Lock Washer 2,NA,NULL,NULL,NULL,NULL,NULL,NULL,Current
152,LW-7160,Lock Washer 9,NA,NULL,NULL,NULL,NULL,NULL,NULL,Current
153,LW-8000,Lock Washer 3,NA,NULL,NULL,NULL,NULL,NULL,NULL,Current
154,LW-9160,Lock Washer 11,NA,NULL,NULL,NULL,NULL,NULL,NULL,Current
155,MA-7075,Metal Angle,NA,NULL,NULL,NULL,NULL,NULL,NULL,Current
156,MB-2024,Metal Bar 1,NA,NULL,NULL,NULL,NULL,NULL,NULL,Current
157,MB-6061,Metal Bar 2,NA,NULL,NULL,NULL,NULL,NULL,NULL,Current
158,MP-2066,Metal Plate 2,NA,NULL,NULL,NULL,NULL,NULL,NULL,Current
159,MP-2503,Metal Plate 1,NA,NULL,NULL,NULL,NULL,NULL,NULL,Current
160,MP-4960,Metal Plate 3,NA,NULL,NULL,NULL,NULL,NULL,NULL,Current
161,MS-0253,Metal Sheet 2,NA,NULL,NULL,NULL,NULL,NULL,NULL,Current
162,MS-1256,Metal Sheet 3,NA,NULL,NULL,NULL,NULL,NULL,NULL,Current
163,MS-1981,Metal Sheet 7,NA,NULL,NULL,NULL,NULL,NULL,NULL,Current
164,MS-2259,Metal Sheet 4,NA,NULL,NULL,NULL,NULL,NULL,NULL,Current
165,MS-2341,Metal Sheet 5,NA,NULL,NULL,NULL,NULL,NULL,NULL,Current
166,MS-2348,Metal Sheet 6,NA,NULL,NULL,NULL,NULL,NULL,NULL,Current
167,MS-6061,Metal Sheet 1,NA,NULL,NULL,NULL,NULL,NULL,NULL,Current
168,MT-1000,Metal Tread Plate,NA,NULL,NULL,NULL,NULL,NULL,NULL,Current
169,NI-4127,LL Nipple,NA,NULL,NULL,NULL,NULL,NULL,NULL,Current
170,NI-9522,HL Nipple,NA,NULL,NULL,NULL,NULL,NULL,NULL,Current
171,PA-187B,Paint - Black,NA,NULL,NULL,NULL,NULL,NULL,NULL,Current
172,PA-361R,Paint - Red,NA,NULL,NULL,NULL,NULL,NULL,NULL,Current
173,PA-529S,Paint - Silver,NA,NULL,NULL,NULL,NULL,NULL,NULL,Current
174,PA-632U,Paint - Blue,NA,NULL,NULL,NULL,NULL,NULL,NULL,Current
175,PA-823Y,Paint - Yellow,NA,NULL,NULL,NULL,NULL,NULL,NULL,Current
176,PB-6109,Pinch Bolt,NA,NULL,NULL,NULL,NULL,NULL,NULL,Current
177,RA-2345,Cup-Shaped Race,NA,NULL,NULL,NULL,NULL,NULL,NULL,Current
178,RA-7490,Cone-Shaped Race,NA,NULL,NULL,NULL,NULL,NULL,NULL,Current
179,RF-9198,Reflector,NA,NULL,NULL,NULL,NULL,NULL,NULL,Current
180,RM-M464,LL Mountain Rim,NA,NULL,435,NULL,NULL,NULL,NULL,Current
181,RM-M692,ML Mountain Rim,NA,NULL,450,NULL,NULL,NULL,NULL,Current
182,RM-M823,HL Mountain Rim,NA,NULL,400,NULL,NULL,NULL,NULL,Current
183,RM-R436,LL Road Rim,NA,NULL,445,NULL,NULL,NULL,NULL,Current
184,RM-R600,ML Road Rim,NA,NULL,450,NULL,NULL,NULL,NULL,Current
185,RM-R800,HL Road Rim,NA,NULL,400,NULL,NULL,NULL,NULL,Current
186,RM-T801,Touring Rim,NA,NULL,460,NULL,NULL,NULL,NULL,Current
187,SA-M198,LL Mountain Seat Assembly,NA,NULL,NULL,NULL,NULL,NULL,NULL,Current
188,SA-M237,ML Mountain Seat Assembly,NA,NULL,NULL,NULL,NULL,NULL,NULL,Current
189,SA-M687,HL Mountain Seat Assembly,NA,NULL,NULL,NULL,NULL,NULL,NULL,Current
190,SA-R127,LL Road Seat Assembly,NA,NULL,NULL,NULL,NULL,NULL,NULL,Current
191,SA-R430,ML Road Seat Assembly,NA,NULL,NULL,NULL,NULL,NULL,NULL,Current
192,SA-R522,HL Road Seat Assembly,NA,NULL,NULL,NULL,NULL,NULL,NULL,Current
193,SA-T467,LL Touring Seat Assembly,NA,NULL,NULL,NULL,NULL,NULL,NULL,Current
194,SA-T612,ML Touring Seat Assembly,NA,NULL,NULL,NULL,NULL,NULL,NULL,Current
195,SA-T872,HL Touring Seat Assembly,NA,NULL,NULL,NULL,NULL,NULL,NULL,Current
196,SD-2342,LL Spindle/Axle,NA,NULL,NULL,NULL,NULL,NULL,NULL,Current
197,SD-9872,HL Spindle/Axle,NA,NULL,NULL,NULL,NULL,NULL,NULL,Current
198,SH-4562,LL Shell,NA,NULL,NULL,NULL,NULL,NULL,NULL,Current
199,SH-9312,HL Shell,NA,NULL,NULL,NULL,NULL,NULL,NULL,Current
200,SK-9283,Spokes,NA,NULL,NULL,NULL,NULL,NULL,NULL,Current
201,SL-0931,Seat Lug,NA,NULL,NULL,NULL,NULL,NULL,NULL,Current
202,SM-9087,Stem,NA,NULL,NULL,NULL,NULL,NULL,NULL,Current
203,SP-2981,Seat Post,NA,NULL,NULL,NULL,NULL,NULL,NULL,Current
204,SR-2098,Steerer,NA,NULL,NULL,NULL,NULL,NULL,NULL,Current
205,SS-2985,Seat Stays,NA,NULL,NULL,NULL,NULL,NULL,NULL,Current
206,ST-9828,Seat Tube,NA,NULL,NULL,NULL,NULL,NULL,NULL,Current
207,TO-2301,Top Tube,NA,NULL,NULL,NULL,NULL,NULL,NULL,Current
208,TP-0923,Tension Pulley,NA,NULL,NULL,NULL,NULL,NULL,NULL,Current
209,RC-0291,Rear Derailleur Cage,Silver,NULL,NULL,NULL,NULL,NULL,NULL,Current
210,FR-R92B-58,"HL Road Frame - Black, 58",Black,58,2.24,R ,HL Road Frame,Road Frames,Components,Current
211,FR-R92R-58,"HL Road Frame - Red, 58",Red,58,2.24,R ,HL Road Frame,Road Frames,Components,Current
212,HL-U509-R,"Sport-100 Helmet, Red",Red,NULL,NULL,S ,Sport-100,Helmets,Accessories,Outdate
213,HL-U509-R,"Sport-100 Helmet, Red",Red,NULL,NULL,S ,Sport-100,Helmets,Accessories,Outdate
214,HL-U509-R,"Sport-100 Helmet, Red",Red,NULL,NULL,S ,Sport-100,Helmets,Accessories,Current
215,HL-U509,"Sport-100 Helmet, Black",Black,NULL,NULL,S ,Sport-100,Helmets,Accessories,Outdate
216,HL-U509,"Sport-100 Helmet, Black",Black,NULL,NULL,S ,Sport-100,Helmets,Accessories,Outdate
217,HL-U509,"Sport-100 Helmet, Black",Black,NULL,NULL,S ,Sport-100,Helmets,Accessories,Current
218,SO-B909-M,"Mountain Bike Socks, M",White,M,NULL,M ,Mountain Bike Socks,Socks,Clothing,Outdate
219,SO-B909-L,"Mountain Bike Socks, L",White,L,NULL,M ,Mountain Bike Socks,Socks,Clothing,Outdate
220,HL-U509-B,"Sport-100 Helmet, Blue",Blue,NULL,NULL,S ,Sport-100,Helmets,Accessories,Outdate
221,HL-U509-B,"Sport-100 Helmet, Blue",Blue,NULL,NULL,S ,Sport-100,Helmets,Accessories,Outdate
222,HL-U509-B,"Sport-100 Helmet, Blue",Blue,NULL,NULL,S ,Sport-100,Helmets,Accessories,Current
223,CA-1098,AWC Logo Cap,Multi,NULL,NULL,S ,Cycling Cap,Caps,Clothing,Outdate
224,CA-1098,AWC Logo Cap,Multi,NULL,NULL,S ,Cycling Cap,Caps,Clothing,Outdate
225,CA-1098,AWC Logo Cap,Multi,NULL,NULL,S ,Cycling Cap,Caps,Clothing,Current
226,LJ-0192-S,"Long-Sleeve Logo Jersey, S",Multi,S,NULL,S ,Long-Sleeve Logo Jersey,Jerseys,Clothing,Outdate
227,LJ-0192-S,"Long-Sleeve Logo Jersey, S",Multi,S,NULL,S ,Long-Sleeve Logo Jersey,Jerseys,Clothing,Outdate
228,LJ-0192-S,"Long-Sleeve Logo Jersey, S",Multi,S,NULL,S ,Long-Sleeve Logo Jersey,Jerseys,Clothing,Current
229,LJ-0192-M,"Long-Sleeve Logo Jersey, M",Multi,M,NULL,S ,Long-Sleeve Logo Jersey,Jerseys,Clothing,Outdate
230,LJ-0192-M,"Long-Sleeve Logo Jersey, M",Multi,M,NULL,S ,Long-Sleeve Logo Jersey,Jerseys,Clothing,Outdate
231,LJ-0192-M,"Long-Sleeve Logo Jersey, M",Multi,M,NULL,S ,Long-Sleeve Logo Jersey,Jerseys,Clothing,Current
232,LJ-0192-L,"Long-Sleeve Logo Jersey, L",Multi,L,NULL,S ,Long-Sleeve Logo Jersey,Jerseys,Clothing,Outdate
233,LJ-0192-L,"Long-Sleeve Logo Jersey, L",Multi,L,NULL,S ,Long-Sleeve Logo Jersey,Jerseys,Clothing,Outdate
234,LJ-0192-L,"Long-Sleeve Logo Jersey, L",Multi,L,NULL,S ,Long-Sleeve Logo Jersey,Jerseys,Clothing,Current
235,LJ-0192-X,"Long-Sleeve Logo Jersey, XL",Multi,XL,NULL,S ,Long-Sleeve Logo Jersey,Jerseys,Clothing,Outdate
236,LJ-0192-X,"Long-Sleeve Logo Jersey, XL",Multi,XL,NULL,S ,Long-Sleeve Logo Jersey,Jerseys,Clothing,Outdate
237,LJ-0192-X,"Long-Sleeve Logo Jersey, XL",Multi,XL,NULL,S ,Long-Sleeve Logo Jersey,Jerseys,Clothing,Current
238,FR-R92R-62,"HL Road Frame - Red, 62",Red,62,2.3,R ,HL Road Frame,Road Frames,Components,Outdate
239,FR-R92R-62,"HL Road Frame - Red, 62",Red,62,2.3,R ,HL Road Frame,Road Frames,Components,Outdate
240,FR-R92R-62,"HL Road Frame - Red, 62",Red,62,2.3,R ,HL Road Frame,Road Frames,Components,Current
241,FR-R92R-44,"HL Road Frame - Red, 44",Red,44,2.12,R ,HL Road Frame,Road Frames,Components,Outdate
242,FR-R92R-44,"HL Road Frame - Red, 44",Red,44,2.12,R ,HL Road Frame,Road Frames,Components,Outdate
243,FR-R92R-44,"HL Road Frame - Red, 44",Red,44,2.12,R ,HL Road Frame,Road Frames,Components,Current
244,FR-R92R-48,"HL Road Frame - Red, 48",Red,48,2.16,R ,HL Road Frame,Road Frames,Components,Outdate
245,FR-R92R-48,"HL Road Frame - Red, 48",Red,48,2.16,R ,HL Road Frame,Road Frames,Components,Outdate
246,FR-R92R-48,"HL Road Frame - Red, 48",Red,48,2.16,R ,HL Road Frame,Road Frames,Components,Current
247,FR-R92R-52,"HL Road Frame - Red, 52",Red,52,2.2,R ,HL Road Frame,Road Frames,Components,Outdate
248,FR-R92R-52,"HL Road Frame - Red, 52",Red,52,2.2,R ,HL Road Frame,Road Frames,Components,Outdate
249,FR-R92R-52,"HL Road Frame - Red, 52",Red,52,2.2,R ,HL Road Frame,Road Frames,Components,Current
250,FR-R92R-56,"HL Road Frame - Red, 56",Red,56,2.24,R ,HL Road Frame,Road Frames,Components,Outdate
251,FR-R92R-56,"HL Road Frame - Red, 56",Red,56,2.24,R ,HL Road Frame,Road Frames,Components,Outdate
252,FR-R92R-56,"HL Road Frame - Red, 56",Red,56,2.24,R ,HL Road Frame,Road Frames,Components,Current
253,FR-R38B-58,"LL Road Frame - Black, 58",Black,58,2.46,R ,LL Road Frame,Road Frames,Components,Outdate
254,FR-R38B-58,"LL Road Frame - Black, 58",Black,58,2.46,R ,LL Road Frame,Road Frames,Components,Outdate
255,FR-R38B-58,"LL Road Frame - Black, 58",Black,58,2.46,R ,LL Road Frame,Road Frames,Components,Current
256,FR-R38B-60,"LL Road Frame - Black, 60",Black,60,2.48,R ,LL Road Frame,Road Frames,Components,Outdate
257,FR-R38B-60,"LL Road Frame - Black, 60",Black,60,2.48,R ,LL Road Frame,Road Frames,Components,Outdate
258,FR-R38B-60,"LL Road Frame - Black, 60",Black,60,2.48,R ,LL Road Frame,Road Frames,Components,Current
259,FR-R38B-62,"LL Road Frame - Black, 62",Black,62,2.5,R ,LL Road Frame,Road Frames,Components,Outdate
260,FR-R38B-62,"LL Road Frame - Black, 62",Black,62,2.5,R ,LL Road Frame,Road Frames,Components,Outdate
261,FR-R38B-62,"LL Road Frame - Black, 62",Black,62,2.5,R ,LL Road Frame,Road Frames,Components,Current
262,FR-R38R-44,"LL Road Frame - Red, 44",Red,44,2.32,R ,LL Road Frame,Road Frames,Components,Outdate
263,FR-R38R-44,"LL Road Frame - Red, 44",Red,44,2.32,R ,LL Road Frame,Road Frames,Components,Outdate
264,FR-R38R-48,"LL Road Frame - Red, 48",Red,48,2.36,R ,LL Road Frame,Road Frames,Components,Outdate
265,FR-R38R-48,"LL Road Frame - Red, 48",Red,48,2.36,R ,LL Road Frame,Road Frames,Components,Outdate
266,FR-R38R-52,"LL Road Frame - Red, 52",Red,52,2.4,R ,LL Road Frame,Road Frames,Components,Outdate
267,FR-R38R-52,"LL Road Frame - Red, 52",Red,52,2.4,R ,LL Road Frame,Road Frames,Components,Outdate
268,FR-R38R-58,"LL Road Frame - Red, 58",Red,58,2.46,R ,LL Road Frame,Road Frames,Components,Outdate
269,FR-R38R-58,"LL Road Frame - Red, 58",Red,58,2.46,R ,LL Road Frame,Road Frames,Components,Outdate
270,FR-R38R-60,"LL Road Frame - Red, 60",Red,60,2.48,R ,LL Road Frame,Road Frames,Components,Outdate
271,FR-R38R-60,"LL Road Frame - Red, 60",Red,60,2.48,R ,LL Road Frame,Road Frames,Components,Outdate
272,FR-R38R-62,"LL Road Frame - Red, 62",Red,62,2.5,R ,LL Road Frame,Road Frames,Components,Outdate
273,FR-R38R-62,"LL Road Frame - Red, 62",Red,62,2.5,R ,LL Road Frame,Road Frames,Components,Outdate
274,FR-R72R-44,"ML Road Frame - Red, 44",Red,44,2.22,R ,ML Road Frame,Road Frames,Components,Outdate
275,FR-R72R-48,"ML Road Frame - Red, 48",Red,48,2.26,R ,ML Road Frame,Road Frames,Components,Outdate
276,FR-R72R-52,"ML Road Frame - Red, 52",Red,52,2.3,R ,ML Road Frame,Road Frames,Components,Outdate
277,FR-R72R-58,"ML Road Frame - Red, 58",Red,58,2.36,R ,ML Road Frame,Road Frames,Components,Outdate
278,FR-R72R-60,"ML Road Frame - Red, 60",Red,60,2.38,R ,ML Road Frame,Road Frames,Components,Outdate
279,FR-R38B-44,"LL Road Frame - Black, 44",Black,44,2.32,R ,LL Road Frame,Road Frames,Components,Outdate
280,FR-R38B-44,"LL Road Frame - Black, 44",Black,44,2.32,R ,LL Road Frame,Road Frames,Components,Outdate
281,FR-R38B-44,"LL Road Frame - Black, 44",Black,44,2.32,R ,LL Road Frame,Road Frames,Components,Current
282,FR-R38B-48,"LL Road Frame - Black, 48",Black,48,2.36,R ,LL Road Frame,Road Frames,Components,Outdate
283,FR-R38B-48,"LL Road Frame - Black, 48",Black,48,2.36,R ,LL Road Frame,Road Frames,Components,Outdate
284,FR-R38B-48,"LL Road Frame - Black, 48",Black,48,2.36,R ,LL Road Frame,Road Frames,Components,Current
285,FR-R38B-52,"LL Road Frame - Black, 52",Black,52,2.4,R ,LL Road Frame,Road Frames,Components,Outdate
286,FR-R38B-52,"LL Road Frame - Black, 52",Black,52,2.4,R ,LL Road Frame,Road Frames,Components,Outdate
287,FR-R38B-52,"LL Road Frame - Black, 52",Black,52,2.4,R ,LL Road Frame,Road Frames,Components,Current
288,FR-M94S-42,"HL Mountain Frame - Silver, 42",Silver,42,2.72,M ,HL Mountain Frame,Mountain Frames,Components,Outdate
289,FR-M94S-42,"HL Mountain Frame - Silver, 42",Silver,42,2.72,M ,HL Mountain Frame,Mountain Frames,Components,Outdate
290,FR-M94S-42,"HL Mountain Frame - Silver, 42",Silver,42,2.72,M ,HL Mountain Frame,Mountain Frames,Components,Current
291,FR-M94S-44,"HL Mountain Frame - Silver, 44",Silver,44,2.76,M ,HL Mountain Frame,Mountain Frames,Components,Outdate
292,FR-M94S-52,"HL Mountain Frame - Silver, 48",Silver,48,2.8,M ,HL Mountain Frame,Mountain Frames,Components,Outdate
293,FR-M94S-46,"HL Mountain Frame - Silver, 46",Silver,46,2.84,M ,HL Mountain Frame,Mountain Frames,Components,Outdate
294,FR-M94S-46,"HL Mountain Frame - Silver, 46",Silver,46,2.84,M ,HL Mountain Frame,Mountain Frames,Components,Outdate
295,FR-M94S-46,"HL Mountain Frame - Silver, 46",Silver,46,2.84,M ,HL Mountain Frame,Mountain Frames,Components,Current
296,FR-M94B-42,"HL Mountain Frame - Black, 42",Black,42,2.72,M ,HL Mountain Frame,Mountain Frames,Components,Outdate
297,FR-M94B-42,"HL Mountain Frame - Black, 42",Black,42,2.72,M ,HL Mountain Frame,Mountain Frames,Components,Outdate
298,FR-M94B-42,"HL Mountain Frame - Black, 42",Black,42,2.72,M ,HL Mountain Frame,Mountain Frames,Components,Current
299,FR-M94B-44,"HL Mountain Frame - Black, 44",Black,44,2.76,M ,HL Mountain Frame,Mountain Frames,Components,Outdate
300,FR-M94B-48,"HL Mountain Frame - Black, 48",Black,48,2.8,M ,HL Mountain Frame,Mountain Frames,Components,Outdate
301,FR-M94B-46,"HL Mountain Frame - Black, 46",Black,46,2.84,M ,HL Mountain Frame,Mountain Frames,Components,Outdate
302,FR-M94B-46,"HL Mountain Frame - Black, 46",Black,46,2.84,M ,HL Mountain Frame,Mountain Frames,Components,Outdate
303,FR-M94B-46,"HL Mountain Frame - Black, 46",Black,46,2.84,M ,HL Mountain Frame,Mountain Frames,Components,Current
304,FR-M94B-38,"HL Mountain Frame - Black, 38",Black,38,2.68,M ,HL Mountain Frame,Mountain Frames,Components,Outdate
305,FR-M94B-38,"HL Mountain Frame - Black, 38",Black,38,2.68,M ,HL Mountain Frame,Mountain Frames,Components,Outdate
306,FR-M94B-38,"HL Mountain Frame - Black, 38",Black,38,2.68,M ,HL Mountain Frame,Mountain Frames,Components,Current
307,FR-M94S-38,"HL Mountain Frame - Silver, 38",Silver,38,2.68,M ,HL Mountain Frame,Mountain Frames,Components,Outdate
308,FR-M94S-38,"HL Mountain Frame - Silver, 38",Silver,38,2.68,M ,HL Mountain Frame,Mountain Frames,Components,Outdate
309,FR-M94S-38,"HL Mountain Frame - Silver, 38",Silver,38,2.68,M ,HL Mountain Frame,Mountain Frames,Components,Current
310,BK-R93R-62,"Road-150 Red, 62",Red,62,15,R ,Road-150,Road Bikes,Bikes,Outdate
311,BK-R93R-44,"Road-150 Red, 44",Red,44,13.77,R ,Road-150,Road Bikes,Bikes,Outdate
312,BK-R93R-48,"Road-150 Red, 48",Red,48,14.13,R ,Road-150,Road Bikes,Bikes,Outdate
313,BK-R93R-52,"Road-150 Red, 52",Red,52,14.42,R ,Road-150,Road Bikes,Bikes,Outdate
314,BK-R93R-56,"Road-150 Red, 56",Red,56,14.68,R ,Road-150,Road Bikes,Bikes,Outdate
315,BK-R68R-58,"Road-450 Red, 58",Red,58,17.79,R ,Road-450,Road Bikes,Bikes,Outdate
316,BK-R68R-60,"Road-450 Red, 60",Red,60,17.9,R ,Road-450,Road Bikes,Bikes,Outdate
317,BK-R68R-44,"Road-450 Red, 44",Red,44,16.77,R ,Road-450,Road Bikes,Bikes,Outdate
318,BK-R68R-48,"Road-450 Red, 48",Red,48,17.13,R ,Road-450,Road Bikes,Bikes,Outdate
319,BK-R68R-52,"Road-450 Red, 52",Red,52,17.42,R ,Road-450,Road Bikes,Bikes,Outdate
320,BK-R50R-58,"Road-650 Red, 58",Red,58,19.79,R ,Road-650,Road Bikes,Bikes,Outdate
321,BK-R50R-58,"Road-650 Red, 58",Red,58,19.79,R ,Road-650,Road Bikes,Bikes,Outdate
322,BK-R50R-60,"Road-650 Red, 60",Red,60,19.9,R ,Road-650,Road Bikes,Bikes,Outdate
323,BK-R50R-60,"Road-650 Red, 60",Red,60,19.9,R ,Road-650,Road Bikes,Bikes,Outdate
324,BK-R50R-62,"Road-650 Red, 62",Red,62,20,R ,Road-650,Road Bikes,Bikes,Outdate
325,BK-R50R-62,"Road-650 Red, 62",Red,62,20,R ,Road-650,Road Bikes,Bikes,Outdate
326,BK-R50R-44,"Road-650 Red, 44",Red,44,18.77,R ,Road-650,Road Bikes,Bikes,Outdate
327,BK-R50R-44,"Road-650 Red, 44",Red,44,18.77,R ,Road-650,Road Bikes,Bikes,Outdate
328,BK-R50R-48,"Road-650 Red, 48",Red,48,19.13,R ,Road-650,Road Bikes,Bikes,Outdate
329,BK-R50R-48,"Road-650 Red, 48",Red,48,19.13,R ,Road-650,Road Bikes,Bikes,Outdate
330,BK-R50R-52,"Road-650 Red, 52",Red,52,19.42,R ,Road-650,Road Bikes,Bikes,Outdate
331,BK-R50R-52,"Road-650 Red, 52",Red,52,19.42,R ,Road-650,Road Bikes,Bikes,Outdate
332,BK-R50B-58,"Road-650 Black, 58",Black,58,19.79,R ,Road-650,Road Bikes,Bikes,Outdate
333,BK-R50B-58,"Road-650 Black, 58",Black,58,19.79,R ,Road-650,Road Bikes,Bikes,Outdate
334,BK-R50B-60,"Road-650 Black, 60",Black,60,19.9,R ,Road-650,Road Bikes,Bikes,Outdate
335,BK-R50B-60,"Road-650 Black, 60",Black,60,19.9,R ,Road-650,Road Bikes,Bikes,Outdate
336,BK-R50B-62,"Road-650 Black, 62",Black,62,20,R ,Road-650,Road Bikes,Bikes,Outdate
337,BK-R50B-62,"Road-650 Black, 62",Black,62,20,R ,Road-650,Road Bikes,Bikes,Outdate
338,BK-R50B-44,"Road-650 Black, 44",Black,44,18.77,R ,Road-650,Road Bikes,Bikes,Outdate
339,BK-R50B-44,"Road-650 Black, 44",Black,44,18.77,R ,Road-650,Road Bikes,Bikes,Outdate
340,BK-R50B-48,"Road-650 Black, 48",Black,48,19.13,R ,Road-650,Road Bikes,Bikes,Outdate
341,BK-R50B-48,"Road-650 Black, 48",Black,48,19.13,R ,Road-650,Road Bikes,Bikes,Outdate
342,BK-R50B-52,"Road-650 Black, 52",Black,52,19.42,R ,Road-650,Road Bikes,Bikes,Outdate
343,BK-R50B-52,"Road-650 Black, 52",Black,52,19.42,R ,Road-650,Road Bikes,Bikes,Outdate
344,BK-M82S-38,"Mountain-100 Silver, 38",Silver,38,20.35,M ,Mountain-100,Mountain Bikes,Bikes,Outdate
345,BK-M82S-42,"Mountain-100 Silver, 42",Silver,42,20.77,M ,Mountain-100,Mountain Bikes,Bikes,Outdate
346,BK-M82S-44,"Mountain-100 Silver, 44",Silver,44,21.13,M ,Mountain-100,Mountain Bikes,Bikes,Outdate
347,BK-M82S-48,"Mountain-100 Silver, 48",Silver,48,21.42,M ,Mountain-100,Mountain Bikes,Bikes,Outdate
348,BK-M82B-38,"Mountain-100 Black, 38",Black,38,20.35,M ,Mountain-100,Mountain Bikes,Bikes,Outdate
349,BK-M82B-42,"Mountain-100 Black, 42",Black,42,20.77,M ,Mountain-100,Mountain Bikes,Bikes,Outdate
350,BK-M82B-44,"Mountain-100 Black, 44",Black,44,21.13,M ,Mountain-100,Mountain Bikes,Bikes,Outdate
351,BK-M82B-48,"Mountain-100 Black, 48",Black,48,21.42,M ,Mountain-100,Mountain Bikes,Bikes,Outdate
352,BK-M68S-38,"Mountain-200 Silver, 38",Silver,38,23.35,M ,Mountain-200,Mountain Bikes,Bikes,Outdate
353,BK-M68S-38,"Mountain-200 Silver, 38",Silver,38,23.35,M ,Mountain-200,Mountain Bikes,Bikes,Current
354,BK-M68S-42,"Mountain-200 Silver, 42",Silver,42,23.77,M ,Mountain-200,Mountain Bikes,Bikes,Outdate
355,BK-M68S-42,"Mountain-200 Silver, 42",Silver,42,23.77,M ,Mountain-200,Mountain Bikes,Bikes,Current
356,BK-M68S-46,"Mountain-200 Silver, 46",Silver,46,24.13,M ,Mountain-200,Mountain Bikes,Bikes,Outdate
357,BK-M68S-46,"Mountain-200 Silver, 46",Silver,46,24.13,M ,Mountain-200,Mountain Bikes,Bikes,Current
358,BK-M68B-38,"Mountain-200 Black, 38",Black,38,23.35,M ,Mountain-200,Mountain Bikes,Bikes,Outdate
359,BK-M68B-38,"Mountain-200 Black, 38",Black,38,23.35,M ,Mountain-200,Mountain Bikes,Bikes,Current
360,BK-M68B-42,"Mountain-200 Black, 42",Black,42,23.77,M ,Mountain-200,Mountain Bikes,Bikes,Outdate
361,BK-M68B-42,"Mountain-200 Black, 42",Black,42,23.77,M ,Mountain-200,Mountain Bikes,Bikes,Current
362,BK-M68B-46,"Mountain-200 Black, 46",Black,46,24.13,M ,Mountain-200,Mountain Bikes,Bikes,Outdate
363,BK-M68B-46,"Mountain-200 Black, 46",Black,46,24.13,M ,Mountain-200,Mountain Bikes,Bikes,Current
364,BK-M47B-38,"Mountain-300 Black, 38",Black,38,25.35,M ,Mountain-300,Mountain Bikes,Bikes,Outdate
365,BK-M47B-40,"Mountain-300 Black, 40",Black,40,25.77,M ,Mountain-300,Mountain Bikes,Bikes,Outdate
366,BK-M47B-44,"Mountain-300 Black, 44",Black,44,26.13,M ,Mountain-300,Mountain Bikes,Bikes,Outdate
367,BK-M47B-48,"Mountain-300 Black, 48",Black,48,26.42,M ,Mountain-300,Mountain Bikes,Bikes,Outdate
368,BK-R89R-44,"Road-250 Red, 44",Red,44,14.77,R ,Road-250,Road Bikes,Bikes,Outdate
369,BK-R89R-48,"Road-250 Red, 48",Red,48,15.13,R ,Road-250,Road Bikes,Bikes,Outdate
370,BK-R89R-52,"Road-250 Red, 52",Red,52,15.42,R ,Road-250,Road Bikes,Bikes,Outdate
371,BK-R89R-58,"Road-250 Red, 58",Red,58,15.79,R ,Road-250,Road Bikes,Bikes,Outdate
372,BK-R89R-58,"Road-250 Red, 58",Red,58,15.79,R ,Road-250,Road Bikes,Bikes,Current
373,BK-R89B-44,"Road-250 Black, 44",Black,44,14.77,R ,Road-250,Road Bikes,Bikes,Outdate
374,BK-R89B-44,"Road-250 Black, 44",Black,44,14.77,R ,Road-250,Road Bikes,Bikes,Current
375,BK-R89B-48,"Road-250 Black, 48",Black,48,15.13,R ,Road-250,Road Bikes,Bikes,Outdate
376,BK-R89B-48,"Road-250 Black, 48",Black,48,15.13,R ,Road-250,Road Bikes,Bikes,Current
377,BK-R89B-52,"Road-250 Black, 52",Black,52,15.42,R ,Road-250,Road Bikes,Bikes,Outdate
378,BK-R89B-52,"Road-250 Black, 52",Black,52,15.42,R ,Road-250,Road Bikes,Bikes,Current
379,BK-R89B-58,"Road-250 Black, 58",Black,58,15.68,R ,Road-250,Road Bikes,Bikes,Outdate
380,BK-R89B-58,"Road-250 Black, 58",Black,58,15.68,R ,Road-250,Road Bikes,Bikes,Current
381,BK-R64Y-38,"Road-550-W Yellow, 38",Yellow,38,17.35,R ,Road-550-W,Road Bikes,Bikes,Outdate
382,BK-R64Y-38,"Road-550-W Yellow, 38",Yellow,38,17.35,R ,Road-550-W,Road Bikes,Bikes,Current
383,BK-R64Y-40,"Road-550-W Yellow, 40",Yellow,40,17.77,R ,Road-550-W,Road Bikes,Bikes,Outdate
384,BK-R64Y-40,"Road-550-W Yellow, 40",Yellow,40,17.77,R ,Road-550-W,Road Bikes,Bikes,Current
385,BK-R64Y-42,"Road-550-W Yellow, 42",Yellow,42,18.13,R ,Road-550-W,Road Bikes,Bikes,Outdate
386,BK-R64Y-42,"Road-550-W Yellow, 42",Yellow,42,18.13,R ,Road-550-W,Road Bikes,Bikes,Current
387,BK-R64Y-44,"Road-550-W Yellow, 44",Yellow,44,18.42,R ,Road-550-W,Road Bikes,Bikes,Outdate
388,BK-R64Y-44,"Road-550-W Yellow, 44",Yellow,44,18.42,R ,Road-550-W,Road Bikes,Bikes,Current
389,BK-R64Y-48,"Road-550-W Yellow, 48",Yellow,48,18.68,R ,Road-550-W,Road Bikes,Bikes,Outdate
390,BK-R64Y-48,"Road-550-W Yellow, 48",Yellow,48,18.68,R ,Road-550-W,Road Bikes,Bikes,Current
391,FK-1639,LL Fork,NA,NULL,NULL,NULL,LL Fork,Forks,Components,Outdate
392,FK-5136,ML Fork,NA,NULL,NULL,NULL,ML Fork,Forks,Components,Outdate
393,FK-9939,HL Fork,NA,NULL,NULL,NULL,HL Fork,Forks,Components,Outdate
394,HS-0296,LL Headset,NA,NULL,NULL,NULL,LL Headset,Headsets,Components,Outdate
395,HS-2451,ML Headset,NA,NULL,NULL,NULL,ML Headset,Headsets,Components,Outdate
396,HS-3479,HL Headset,NA,NULL,NULL,NULL,HL Headset,Headsets,Components,Outdate
397,HB-M243,LL Mountain Handlebars,NA,NULL,NULL,M ,LL Mountain Handlebars,Handlebars,Components,Outdate
398,HB-M243,LL Mountain Handlebars,NA,NULL,NULL,M ,LL Mountain Handlebars,Handlebars,Components,Current
399,HB-M763,ML Mountain Handlebars,NA,NULL,NULL,M ,ML Mountain Handlebars,Handlebars,Components,Outdate
400,HB-M763,ML Mountain Handlebars,NA,NULL,NULL,M ,ML Mountain Handlebars,Handlebars,Components,Current
401,HB-M918,HL Mountain Handlebars,NA,NULL,NULL,M ,HL Mountain Handlebars,Handlebars,Components,Outdate
402,HB-M918,HL Mountain Handlebars,NA,NULL,NULL,M ,HL Mountain Handlebars,Handlebars,Components,Current
403,HB-R504,LL Road Handlebars,NA,NULL,NULL,R ,LL Road Handlebars,Handlebars,Components,Outdate
404,HB-R504,LL Road Handlebars,NA,NULL,NULL,R ,LL Road Handlebars,Handlebars,Components,Current
405,HB-R720,ML Road Handlebars,NA,NULL,NULL,R ,ML Road Handlebars,Handlebars,Components,Outdate
406,HB-R720,ML Road Handlebars,NA,NULL,NULL,R ,ML Road Handlebars,Handlebars,Components,Current
407,HB-R956,HL Road Handlebars,NA,NULL,NULL,R ,HL Road Handlebars,Handlebars,Components,Outdate
408,HB-R956,HL Road Handlebars,NA,NULL,NULL,R ,HL Road Handlebars,Handlebars,Components,Current
409,FR-M63B-38,"ML Mountain Frame - Black, 38",Black,38,2.73,M ,ML Mountain Frame-W,Mountain Frames,Components,Outdate
410,FW-M423,LL Mountain Front Wheel,Black,NULL,NULL,M ,LL Mountain Front Wheel,Wheels,Components,Outdate
411,FW-M762,ML Mountain Front Wheel,Black,NULL,NULL,M ,ML Mountain Front Wheel,Wheels,Components,Outdate
412,FW-M928,HL Mountain Front Wheel,Black,NULL,NULL,M ,HL Mountain Front Wheel,Wheels,Components,Outdate
413,FW-R623,LL Road Front Wheel,Black,NULL,900,R ,LL Road Front Wheel,Wheels,Components,Outdate
414,FW-R762,ML Road Front Wheel,Black,NULL,850,R ,ML Road Front Wheel,Wheels,Components,Outdate
415,FW-R820,HL Road Front Wheel,Black,NULL,650,R ,HL Road Front Wheel,Wheels,Components,Outdate
416,FW-T905,Touring Front Wheel,Black,NULL,NULL,T ,Touring Front Wheel,Wheels,Components,Outdate
417,FR-R72Y-38,"ML Road Frame-W - Yellow, 38",Yellow,38,2.18,R ,ML Road Frame-W,Road Frames,Components,Outdate
418,FR-R72Y-38,"ML Road Frame-W - Yellow, 38",Yellow,38,2.18,R ,ML Road Frame-W,Road Frames,Components,Current
419,RW-M423,LL Mountain Rear Wheel,Black,NULL,NULL,M ,LL Mountain Rear Wheel,Wheels,Components,Outdate
420,RW-M762,ML Mountain Rear Wheel,Black,NULL,NULL,M ,ML Mountain Rear Wheel,Wheels,Components,Outdate
421,RW-M928,HL Mountain Rear Wheel,Black,NULL,NULL,M ,HL Mountain Rear Wheel,Wheels,Components,Outdate
422,RW-R623,LL Road Rear Wheel,Black,NULL,1050,R ,LL Road Rear Wheel,Wheels,Components,Outdate
423,RW-R762,ML Road Rear Wheel,Black,NULL,1000,R ,ML Road Rear Wheel,Wheels,Components,Outdate
424,RW-R820,HL Road Rear Wheel,Black,NULL,890,R ,HL Road Rear Wheel,Wheels,Components,Outdate
425,RW-T905,Touring Rear Wheel,Black,NULL,NULL,T ,Touring Rear Wheel,Wheels,Components,Outdate
426,FR-M63B-40,"ML Mountain Frame - Black, 40",Black,40,2.77,M ,ML Mountain Frame,Mountain Frames,Components,Outdate
427,FR-M63B-44,"ML Mountain Frame - Black, 44",Black,44,2.81,M ,ML Mountain Frame,Mountain Frames,Components,Outdate
428,FR-M63B-48,"ML Mountain Frame - Black, 48",Black,48,2.85,M ,ML Mountain Frame,Mountain Frames,Components,Outdate
429,FR-R72Y-40,"ML Road Frame-W - Yellow, 40",Yellow,40,2.22,R ,ML Road Frame-W,Road Frames,Components,Outdate
430,FR-R72Y-40,"ML Road Frame-W - Yellow, 40",Yellow,40,2.22,R ,ML Road Frame-W,Road Frames,Components,Current
431,FR-R72Y-42,"ML Road Frame-W - Yellow, 42",Yellow,42,2.26,R ,ML Road Frame-W,Road Frames,Components,Outdate
432,FR-R72Y-42,"ML Road Frame-W - Yellow, 42",Yellow,42,2.26,R ,ML Road Frame-W,Road Frames,Components,Current
433,FR-R72Y-44,"ML Road Frame-W - Yellow, 44",Yellow,44,2.3,R ,ML Road Frame-W,Road Frames,Components,Outdate
434,FR-R72Y-44,"ML Road Frame-W - Yellow, 44",Yellow,44,2.3,R ,ML Road Frame-W,Road Frames,Components,Current
435,FR-R72Y-48,"ML Road Frame-W - Yellow, 48",Yellow,48,2.34,R ,ML Road Frame-W,Road Frames,Components,Outdate
436,FR-R72Y-48,"ML Road Frame-W - Yellow, 48",Yellow,48,2.34,R ,ML Road Frame-W,Road Frames,Components,Current
437,FR-R92B-62,"HL Road Frame - Black, 62",Black,62,2.3,R ,HL Road Frame,Road Frames,Components,Outdate
438,FR-R92B-62,"HL Road Frame - Black, 62",Black,62,2.3,R ,HL Road Frame,Road Frames,Components,Current
439,FR-R92B-44,"HL Road Frame - Black, 44",Black,44,2.12,R ,HL Road Frame,Road Frames,Components,Outdate
440,FR-R92B-44,"HL Road Frame - Black, 44",Black,44,2.12,R ,HL Road Frame,Road Frames,Components,Current
441,FR-R92B-48,"HL Road Frame - Black, 48",Black,48,2.16,R ,HL Road Frame,Road Frames,Components,Outdate
442,FR-R92B-48,"HL Road Frame - Black, 48",Black,48,2.16,R ,HL Road Frame,Road Frames,Components,Current
443,FR-R92B-52,"HL Road Frame - Black, 52",Black,52,2.2,R ,HL Road Frame,Road Frames,Components,Outdate
444,FR-R92B-52,"HL Road Frame - Black, 52",Black,52,2.2,R ,HL Road Frame,Road Frames,Components,Current
445,SH-M897-S,"Men's Sports Shorts, S",Black,S,NULL,S ,Men's Sports Shorts,Shorts,Clothing,Outdate
446,PA-T100,"Touring-Panniers, Large",Grey,NULL,NULL,T ,Touring-Panniers,Panniers,Accessories,Outdate
447,LO-C100,Cable Lock,NA,NULL,NULL,S ,Cable Lock,Locks,Accessories,Outdate
448,PU-0452,Minipump,NA,NULL,NULL,S ,Minipump,Pumps,Accessories,Outdate
449,PU-M044,Mountain Pump,NA,NULL,NULL,M ,Mountain Pump,Pumps,Accessories,Outdate
450,LT-T990,Taillights - Battery-Powered,NA,NULL,NULL,R ,Taillight,Lights,Accessories,Outdate
451,LT-H902,Headlights - Dual-Beam,NA,NULL,NULL,R ,Headlights - Dual-Beam,Lights,Accessories,Outdate
452,LT-H903,Headlights - Weatherproof,NA,NULL,NULL,R ,Headlights - Weatherproof,Lights,Accessories,Outdate
453,SH-M897-M,"Men's Sports Shorts, M",Black,M,NULL,S ,Men's Sports Shorts,Shorts,Clothing,Outdate
454,SH-M897-L,"Men's Sports Shorts, L",Black,L,NULL,S ,Men's Sports Shorts,Shorts,Clothing,Outdate
455,SH-M897-X,"Men's Sports Shorts, XL",Black,XL,NULL,S ,Men's Sports Shorts,Shorts,Clothing,Outdate
456,TG-W091-S,"Women's Tights, S",Black,S,NULL,S ,Women's Tights,Tights,Clothing,Outdate
457,TG-W091-M,"Women's Tights, M",Black,M,NULL,S ,Women's Tights,Tights,Clothing,Outdate
458,TG-W091-L,"Women's Tights, L",Black,L,NULL,S ,Women's Tights,Tights,Clothing,Outdate
459,SB-M891-S,"Men's Bib-Shorts, S",Multi,S,NULL,S ,Men's Bib-Shorts,Bib-Shorts,Clothing,Outdate
460,SB-M891-M,"Men's Bib-Shorts, M",Multi,M,NULL,S ,Men's Bib-Shorts,Bib-Shorts,Clothing,Outdate
461,SB-M891-L,"Men's Bib-Shorts, L",Multi,L,NULL,S ,Men's Bib-Shorts,Bib-Shorts,Clothing,Outdate
462,GL-H102-S,"Half-Finger Gloves, S",Black,S,NULL,S ,Half-Finger Gloves,Gloves,Clothing,Outdate
463,GL-H102-S,"Half-Finger Gloves, S",Black,S,NULL,S ,Half-Finger Gloves,Gloves,Clothing,Current
464,GL-H102-M,"Half-Finger Gloves, M",Black,M,NULL,S ,Half-Finger Gloves,Gloves,Clothing,Outdate
465,GL-H102-M,"Half-Finger Gloves, M",Black,M,NULL,S ,Half-Finger Gloves,Gloves,Clothing,Current
466,GL-H102-L,"Half-Finger Gloves, L",Black,L,NULL,S ,Half-Finger Gloves,Gloves,Clothing,Outdate
467,GL-H102-L,"Half-Finger Gloves, L",Black,L,NULL,S ,Half-Finger Gloves,Gloves,Clothing,Current
468,GL-F110-S,"Full-Finger Gloves, S",Black,S,NULL,M ,Full-Finger Gloves,Gloves,Clothing,Outdate
469,GL-F110-M,"Full-Finger Gloves, M",Black,M,NULL,M ,Full-Finger Gloves,Gloves,Clothing,Outdate
470,GL-F110-L,"Full-Finger Gloves, L",Black,L,NULL,M ,Full-Finger Gloves,Gloves,Clothing,Outdate
471,VE-C304-S,"Classic Vest, S",Blue,S,NULL,S ,Classic Vest,Vests,Clothing,Current
472,VE-C304-M,"Classic Vest, M",Blue,M,NULL,S ,Classic Vest,Vests,Clothing,Current
473,VE-C304-L,"Classic Vest, L",Blue,L,NULL,S ,Classic Vest,Vests,Clothing,Current
474,SH-W890-S,"Women's Mountain Shorts, S",Black,S,NULL,M ,Women's Mountain Shorts,Shorts,Clothing,Current
475,SH-W890-M,"Women's Mountain Shorts, M",Black,M,NULL,M ,Women's Mountain Shorts,Shorts,Clothing,Current
476,SH-W890-L,"Women's Mountain Shorts, L",Black,L,NULL,M ,Women's Mountain Shorts,Shorts,Clothing,Current
477,WB-H098,Water Bottle - 30 oz.,NA,NULL,NULL,S ,Water Bottle,Bottles and Cages,Accessories,Current
478,BC-M005,Mountain Bottle Cage,NA,NULL,NULL,M ,Mountain Bottle Cage,Bottles and Cages,Accessories,Current
479,BC-R205,Road Bottle Cage,NA,NULL,NULL,R ,Road Bottle Cage,Bottles and Cages,Accessories,Current
480,PK-7098,Patch Kit/8 Patches,NA,NULL,NULL,S ,Patch kit,Tires and Tubes,Accessories,Current
481,SO-R809-M,"Racing Socks, M",White,M,NULL,R ,Racing Socks,Socks,Clothing,Current
482,SO-R809-L,"Racing Socks, L",White,L,NULL,R ,Racing Socks,Socks,Clothing,Current
483,RA-H123,Hitch Rack - 4-Bike,NA,NULL,NULL,S ,Hitch Rack - 4-Bike,Bike Racks,Accessories,Current
484,CL-9009,Bike Wash - Dissolver,NA,NULL,NULL,S ,Bike Wash,Cleaners,Accessories,Current
485,FE-6654,Fender Set - Mountain,NA,NULL,NULL,M ,Fender Set - Mountain,Fenders,Accessories,Current
486,ST-1401,All-Purpose Bike Stand,NA,NULL,NULL,M ,All-Purpose Bike Stand,Bike Stands,Accessories,Current
487,HY-1023-70,Hydration Pack - 70 oz.,Silver,70,NULL,S ,Hydration Pack,Hydration Packs,Accessories,Current
488,SJ-0194-S,"Short-Sleeve Classic Jersey, S",Yellow,S,NULL,S ,Short-Sleeve Classic Jersey,Jerseys,Clothing,Current
489,SJ-0194-M,"Short-Sleeve Classic Jersey, M",Yellow,M,NULL,S ,Short-Sleeve Classic Jersey,Jerseys,Clothing,Current
490,SJ-0194-L,"Short-Sleeve Classic Jersey, L",Yellow,L,NULL,S ,Short-Sleeve Classic Jersey,Jerseys,Clothing,Current
491,SJ-0194-X,"Short-Sleeve Classic Jersey, XL",Yellow,XL,NULL,S ,Short-Sleeve Classic Jersey,Jerseys,Clothing,Current
492,FR-T98Y-60,"HL Touring Frame - Yellow, 60",Yellow,60,3.08,T ,HL Touring Frame,Touring Frames,Components,Current
493,FR-T67Y-62,"LL Touring Frame - Yellow, 62",Yellow,62,3.2,T ,LL Touring Frame,Touring Frames,Components,Current
494,FR-T98Y-46,"HL Touring Frame - Yellow, 46",Yellow,46,2.96,T ,HL Touring Frame,Touring Frames,Components,Current
495,FR-T98Y-50,"HL Touring Frame - Yellow, 50",Yellow,50,3,T ,HL Touring Frame,Touring Frames,Components,Current
496,FR-T98Y-54,"HL Touring Frame - Yellow, 54",Yellow,54,3.04,T ,HL Touring Frame,Touring Frames,Components,Current
497,FR-T98U-46,"HL Touring Frame - Blue, 46",Blue,46,2.96,T ,HL Touring Frame,Touring Frames,Components,Current
498,FR-T98U-50,"HL Touring Frame - Blue, 50",Blue,50,3,T ,HL Touring Frame,Touring Frames,Components,Current
499,FR-T98U-54,"HL Touring Frame - Blue, 54",Blue,54,3.04,T ,HL Touring Frame,Touring Frames,Components,Current
500,FR-T98U-60,"HL Touring Frame - Blue, 60",Blue,60,3.08,T ,HL Touring Frame,Touring Frames,Components,Current
501,RD-2308,Rear Derailleur,Silver,NULL,215,NULL,Rear Derailleur,Derailleurs,Components,Current
502,FR-T67U-50,"LL Touring Frame - Blue, 50",Blue,50,3.1,T ,LL Touring Frame,Touring Frames,Components,Current
503,FR-T67U-54,"LL Touring Frame - Blue, 54",Blue,54,3.14,T ,LL Touring Frame,Touring Frames,Components,Current
504,FR-T67U-58,"LL Touring Frame - Blue, 58",Blue,58,3.16,T ,LL Touring Frame,Touring Frames,Components,Current
505,FR-T67U-62,"LL Touring Frame - Blue, 62",Blue,62,3.2,T ,LL Touring Frame,Touring Frames,Components,Current
506,FR-T67Y-44,"LL Touring Frame - Yellow, 44",Yellow,44,3.02,T ,LL Touring Frame,Touring Frames,Components,Current
507,FR-T67Y-50,"LL Touring Frame - Yellow, 50",Yellow,50,3.1,T ,LL Touring Frame,Touring Frames,Components,Current
508,FR-T67Y-54,"LL Touring Frame - Yellow, 54",Yellow,54,3.14,T ,LL Touring Frame,Touring Frames,Components,Current
509,FR-T67Y-58,"LL Touring Frame - Yellow, 58",Yellow,58,3.16,T ,LL Touring Frame,Touring Frames,Components,Current
510,FR-T67U-44,"LL Touring Frame - Blue, 44",Blue,44,3.02,T ,LL Touring Frame,Touring Frames,Components,Current
511,FR-M63S-40,"ML Mountain Frame-W - Silver, 40",Silver,40,2.77,M ,ML Mountain Frame-W,Mountain Frames,Components,Current
512,FR-M63S-42,"ML Mountain Frame-W - Silver, 42",Silver,42,2.81,M ,ML Mountain Frame-W,Mountain Frames,Components,Current
513,FR-M63S-46,"ML Mountain Frame-W - Silver, 46",Silver,46,2.85,M ,ML Mountain Frame-W,Mountain Frames,Components,Current
514,RB-9231,Rear Brakes,Silver,NULL,317,NULL,Rear Brakes,Brakes,Components,Current
515,SE-M236,LL Mountain Seat/Saddle,NA,NULL,NULL,M ,LL Mountain Seat/Saddle 2,Saddles,Components,Current
516,SE-M798,ML Mountain Seat/Saddle,NA,NULL,NULL,M ,ML Mountain Seat/Saddle 2,Saddles,Components,Current
517,SE-M940,HL Mountain Seat/Saddle,NA,NULL,NULL,M ,HL Mountain Seat/Saddle 2,Saddles,Components,Current
518,SE-R581,LL Road Seat/Saddle,NA,NULL,NULL,R ,LL Road Seat/Saddle 1,Saddles,Components,Current
519,SE-R908,ML Road Seat/Saddle,NA,NULL,NULL,T ,ML Road Seat/Saddle 2,Saddles,Components,Current
520,SE-R995,HL Road Seat/Saddle,NA,NULL,NULL,R ,HL Road Seat/Saddle 2,Saddles,Components,Current
521,SE-T312,LL Touring Seat/Saddle,NA,NULL,NULL,T ,LL Touring Seat/Saddle,Saddles,Components,Current
522,SE-T762,ML Touring Seat/Saddle,NA,NULL,NULL,T ,ML Touring Seat/Saddle,Saddles,Components,Current
523,SE-T924,HL Touring Seat/Saddle,NA,NULL,NULL,T ,HL Touring Seat/Saddle,Saddles,Components,Current
524,FR-M21S-42,"LL Mountain Frame - Silver, 42",Silver,42,2.92,M ,LL Mountain Frame,Mountain Frames,Components,Current
525,FR-M21S-44,"LL Mountain Frame - Silver, 44",Silver,44,2.96,M ,LL Mountain Frame,Mountain Frames,Components,Current
526,FR-M21S-48,"LL Mountain Frame - Silver, 48",Silver,48,3,M ,LL Mountain Frame,Mountain Frames,Components,Current
527,FR-M21S-52,"LL Mountain Frame - Silver, 52",Silver,52,3.04,M ,LL Mountain Frame,Mountain Frames,Components,Current
528,TT-M928,Mountain Tire Tube,NA,NULL,NULL,M ,Mountain Tire Tube,Tires and Tubes,Accessories,Current
529,TT-R982,Road Tire Tube,NA,NULL,NULL,R ,Road Tire Tube,Tires and Tubes,Accessories,Current
530,TT-T092,Touring Tire Tube,NA,NULL,NULL,T ,Touring Tire Tube,Tires and Tubes,Accessories,Current
531,FR-M21B-42,"LL Mountain Frame - Black, 42",Black,42,2.92,M ,LL Mountain Frame,Mountain Frames,Components,Current
532,FR-M21B-44,"LL Mountain Frame - Black, 44",Black,44,2.96,M ,LL Mountain Frame,Mountain Frames,Components,Current
533,FR-M21B-48,"LL Mountain Frame - Black, 48",Black,48,3,M ,LL Mountain Frame,Mountain Frames,Components,Current
534,FR-M21B-52,"LL Mountain Frame - Black, 52",Black,52,3.04,M ,LL Mountain Frame,Mountain Frames,Components,Current
535,TI-M267,LL Mountain Tire,NA,NULL,NULL,M ,LL Mountain Tire,Tires and Tubes,Accessories,Current
536,TI-M602,ML Mountain Tire,NA,NULL,NULL,M ,ML Mountain Tire,Tires and Tubes,Accessories,Current
537,TI-M823,HL Mountain Tire,NA,NULL,NULL,M ,HL Mountain Tire,Tires and Tubes,Accessories,Current
538,TI-R092,LL Road Tire,NA,NULL,NULL,R ,LL Road Tire,Tires and Tubes,Accessories,Current
539,TI-R628,ML Road Tire,NA,NULL,NULL,R ,ML Road Tire,Tires and Tubes,Accessories,Current
540,TI-R982,HL Road Tire,NA,NULL,NULL,R ,HL Road Tire,Tires and Tubes,Accessories,Current
541,TI-T723,Touring Tire,NA,NULL,NULL,T ,Touring Tire,Tires and Tubes,Accessories,Current
542,PD-M282,LL Mountain Pedal,Silver/Black,NULL,218,M ,LL Mountain Pedal,Pedals,Components,Current
543,PD-M340,ML Mountain Pedal,Silver/Black,NULL,215,M ,ML Mountain Pedal,Pedals,Components,Current
544,PD-M562,HL Mountain Pedal,Silver/Black,NULL,185,M ,HL Mountain Pedal,Pedals,Components,Current
545,PD-R347,LL Road Pedal,Silver/Black,NULL,189,R ,LL Road Pedal,Pedals,Components,Current
546,PD-R563,ML Road Pedal,Silver/Black,NULL,168,R ,ML Road Pedal,Pedals,Components,Current
547,PD-R853,HL Road Pedal,Silver/Black,NULL,149,R ,HL Road Pedal,Pedals,Components,Current
548,PD-T852,Touring Pedal,Silver/Black,NULL,NULL,T ,Touring Pedal,Pedals,Components,Current
549,FR-M63S-38,"ML Mountain Frame-W - Silver, 38",Silver,38,2.73,M ,ML Mountain Frame-W,Mountain Frames,Components,Current
550,FR-M21B-40,"LL Mountain Frame - Black, 40",Black,40,2.88,M ,LL Mountain Frame,Mountain Frames,Components,Current
551,FR-M21S-40,"LL Mountain Frame - Silver, 40",Silver,40,2.88,M ,LL Mountain Frame,Mountain Frames,Components,Current
552,FD-2342,Front Derailleur,Silver,NULL,88,NULL,Front Derailleur,Derailleurs,Components,Current
553,HB-T721,LL Touring Handlebars,NA,NULL,NULL,T ,LL Touring Handlebars,Handlebars,Components,Current
554,HB-T928,HL Touring Handlebars,NA,NULL,NULL,T ,HL Touring Handlebars,Handlebars,Components,Current
555,FB-9873,Front Brakes,Silver,NULL,317,NULL,Front Brakes,Brakes,Components,Current
556,CS-4759,LL Crankset,Black,NULL,600,NULL,LL Crankset,Cranksets,Components,Current
557,CS-6583,ML Crankset,Black,NULL,635,NULL,ML Crankset,Cranksets,Components,Current
558,CS-9183,HL Crankset,Black,NULL,575,NULL,HL Crankset,Cranksets,Components,Current
559,CH-0234,Chain,Silver,NULL,NULL,NULL,Chain,Chains,Components,Current
560,BK-T44U-60,"Touring-2000 Blue, 60",Blue,60,27.9,T ,Touring-2000,Touring Bikes,Bikes,Current
561,BK-T79Y-46,"Touring-1000 Yellow, 46",Yellow,46,25.13,T ,Touring-1000,Touring Bikes,Bikes,Current
562,BK-T79Y-50,"Touring-1000 Yellow, 50",Yellow,50,25.42,T ,Touring-1000,Touring Bikes,Bikes,Current
563,BK-T79Y-54,"Touring-1000 Yellow, 54",Yellow,54,25.68,T ,Touring-1000,Touring Bikes,Bikes,Current
564,BK-T79Y-60,"Touring-1000 Yellow, 60",Yellow,60,25.9,T ,Touring-1000,Touring Bikes,Bikes,Current
565,BK-T18U-54,"Touring-3000 Blue, 54",Blue,54,29.68,T ,Touring-3000,Touring Bikes,Bikes,Current
566,BK-T18U-58,"Touring-3000 Blue, 58",Blue,58,29.9,T ,Touring-3000,Touring Bikes,Bikes,Current
567,BK-T18U-62,"Touring-3000 Blue, 62",Blue,62,30,T ,Touring-3000,Touring Bikes,Bikes,Current
568,BK-T18Y-44,"Touring-3000 Yellow, 44",Yellow,44,28.77,T ,Touring-3000,Touring Bikes,Bikes,Current
569,BK-T18Y-50,"Touring-3000 Yellow, 50",Yellow,50,29.13,T ,Touring-3000,Touring Bikes,Bikes,Current
570,BK-T18Y-54,"Touring-3000 Yellow, 54",Yellow,54,29.42,T ,Touring-3000,Touring Bikes,Bikes,Current
571,BK-T18Y-58,"Touring-3000 Yellow, 58",Yellow,58,29.79,T ,Touring-3000,Touring Bikes,Bikes,Current
572,BK-T18Y-62,"Touring-3000 Yellow, 62",Yellow,62,30,T ,Touring-3000,Touring Bikes,Bikes,Current
573,BK-T79U-46,"Touring-1000 Blue, 46",Blue,46,25.13,T ,Touring-1000,Touring Bikes,Bikes,Current
574,BK-T79U-50,"Touring-1000 Blue, 50",Blue,50,25.42,T ,Touring-1000,Touring Bikes,Bikes,Current
575,BK-T79U-54,"Touring-1000 Blue, 54",Blue,54,25.68,T ,Touring-1000,Touring Bikes,Bikes,Current
576,BK-T79U-60,"Touring-1000 Blue, 60",Blue,60,25.9,T ,Touring-1000,Touring Bikes,Bikes,Current
577,BK-T44U-46,"Touring-2000 Blue, 46",Blue,46,27.13,T ,Touring-2000,Touring Bikes,Bikes,Current
578,BK-T44U-50,"Touring-2000 Blue, 50",Blue,50,27.42,T ,Touring-2000,Touring Bikes,Bikes,Current
579,BK-T44U-54,"Touring-2000 Blue, 54",Blue,54,27.68,T ,Touring-2000,Touring Bikes,Bikes,Current
580,BK-R79Y-40,"Road-350-W Yellow, 40",Yellow,40,15.35,R ,Road-350-W,Road Bikes,Bikes,Current
581,BK-R79Y-42,"Road-350-W Yellow, 42",Yellow,42,15.77,R ,Road-350-W,Road Bikes,Bikes,Current
582,BK-R79Y-44,"Road-350-W Yellow, 44",Yellow,44,16.13,R ,Road-350-W,Road Bikes,Bikes,Current
583,BK-R79Y-48,"Road-350-W Yellow, 48",Yellow,48,16.42,R ,Road-350-W,Road Bikes,Bikes,Current
584,BK-R19B-58,"Road-750 Black, 58",Black,58,20.79,R ,Road-750,Road Bikes,Bikes,Current
585,BK-T18U-44,"Touring-3000 Blue, 44",Blue,44,28.77,T ,Touring-3000,Touring Bikes,Bikes,Current
586,BK-T18U-50,"Touring-3000 Blue, 50",Blue,50,29.13,T ,Touring-3000,Touring Bikes,Bikes,Current
587,BK-M38S-38,"Mountain-400-W Silver, 38",Silver,38,26.35,M ,Mountain-400-W,Mountain Bikes,Bikes,Current
588,BK-M38S-40,"Mountain-400-W Silver, 40",Silver,40,26.77,M ,Mountain-400-W,Mountain Bikes,Bikes,Current
589,BK-M38S-42,"Mountain-400-W Silver, 42",Silver,42,27.13,M ,Mountain-400-W,Mountain Bikes,Bikes,Current
590,BK-M38S-46,"Mountain-400-W Silver, 46",Silver,46,27.42,M ,Mountain-400-W,Mountain Bikes,Bikes,Current
591,BK-M18S-40,"Mountain-500 Silver, 40",Silver,40,27.35,M ,Mountain-500,Mountain Bikes,Bikes,Current
592,BK-M18S-42,"Mountain-500 Silver, 42",Silver,42,27.77,M ,Mountain-500,Mountain Bikes,Bikes,Current
593,BK-M18S-44,"Mountain-500 Silver, 44",Silver,44,28.13,M ,Mountain-500,Mountain Bikes,Bikes,Current
594,BK-M18S-48,"Mountain-500 Silver, 48",Silver,48,28.42,M ,Mountain-500,Mountain Bikes,Bikes,Current
595,BK-M18S-52,"Mountain-500 Silver, 52",Silver,52,28.68,M ,Mountain-500,Mountain Bikes,Bikes,Current
596,BK-M18B-40,"Mountain-500 Black, 40",Black,40,27.35,M ,Mountain-500,Mountain Bikes,Bikes,Current
597,BK-M18B-42,"Mountain-500 Black, 42",Black,42,27.77,M ,Mountain-500,Mountain Bikes,Bikes,Current
598,BK-M18B-44,"Mountain-500 Black, 44",Black,44,28.13,M ,Mountain-500,Mountain Bikes,Bikes,Current
599,BK-M18B-48,"Mountain-500 Black, 48",Black,48,28.42,M ,Mountain-500,Mountain Bikes,Bikes,Current
600,BK-M18B-52,"Mountain-500 Black, 52",Black,52,28.68,M ,Mountain-500,Mountain Bikes,Bikes,Current
601,BB-7421,LL Bottom Bracket,NA,NULL,223,NULL,LL Bottom Bracket,Bottom Brackets,Components,Current
602,BB-8107,ML Bottom Bracket,NA,NULL,168,NULL,ML Bottom Bracket,Bottom Brackets,Components,Current
603,BB-9108,HL Bottom Bracket,NA,NULL,170,NULL,HL Bottom Bracket,Bottom Brackets,Components,Current
604,BK-R19B-44,"Road-750 Black, 44",Black,44,19.77,R ,Road-750,Road Bikes,Bikes,Current
605,BK-R19B-48,"Road-750 Black, 48",Black,48,20.13,R ,Road-750,Road Bikes,Bikes,Current
606,BK-R19B-52,"Road-750 Black, 52",Black,52,20.42,R ,Road-750,Road Bikes,Bikes,Current
